Survived,Pclass,Name,Sex,Age,SibSp,Parch,Ticket
0.3838383838383838,2.308641975308642,26.9652076318743,0.35241301907968575,29.69911764705882,0.5230078563411896,0.38159371492704824,6.750841750841751
